Country,Code,Continent Region,Year,Environmental_factors,
Afghanistan,AFG,Asia,2019,Outdoor_air_pollution_per_100k_people,24.23648775
Afghanistan,AFG,Asia,2019,Unsafe_water_source_per_100k_people,9.931294032
Afghanistan,AFG,Asia,2019,Secondhand_smoke_per_100k_people,16.04998785
Afghanistan,AFG,Asia,2019,Household_air_pollution_from_solid_fuels_per_100k_people,74.57869642
Afghanistan,AFG,Asia,2019,Air_pollution_per_100k_people,98.0500165
Albania,ALB,Europe,2019,Outdoor_air_pollution_per_100k_people,54.51632354
Albania,ALB,Europe,2019,Unsafe_water_source_per_100k_people,0.140144791
Albania,ALB,Europe,2019,Secondhand_smoke_per_100k_people,27.11801698
Albania,ALB,Europe,2019,Household_air_pollution_from_solid_fuels_per_100k_people,25.3662071
Albania,ALB,Europe,2019,Air_pollution_per_100k_people,79.74238585
Algeria,DZA,Africa,2019,Outdoor_air_pollution_per_100k_people,52.05200433
Algeria,DZA,Africa,2019,Unsafe_water_source_per_100k_people,0.648630402
Algeria,DZA,Africa,2019,Secondhand_smoke_per_100k_people,17.96027141
Algeria,DZA,Africa,2019,Household_air_pollution_from_solid_fuels_per_100k_people,0.154547316
Algeria,DZA,Africa,2019,Air_pollution_per_100k_people,51.89511539
American Samoa,ASM,Oceania,2019,Outdoor_air_pollution_per_100k_people,16.90581349
American Samoa,ASM,Oceania,2019,Unsafe_water_source_per_100k_people,4.226453372
American Samoa,ASM,Oceania,2019,Secondhand_smoke_per_100k_people,31.69840029
American Samoa,ASM,Oceania,2019,Household_air_pollution_from_solid_fuels_per_100k_people,12.67936011
American Samoa,ASM,Oceania,2019,Air_pollution_per_100k_people,29.5851736
Andorra,AND,Europe,2019,Outdoor_air_pollution_per_100k_people,18.33828904
Andorra,AND,Europe,2019,Unsafe_water_source_per_100k_people,0
Andorra,AND,Europe,2019,Secondhand_smoke_per_100k_people,10.47902231
Andorra,AND,Europe,2019,Household_air_pollution_from_solid_fuels_per_100k_people,0
Andorra,AND,Europe,2019,Air_pollution_per_100k_people,18.33828904
Angola,AGO,Africa,2019,Outdoor_air_pollution_per_100k_people,17.6580106
Angola,AGO,Africa,2019,Unsafe_water_source_per_100k_people,34.44131142
Angola,AGO,Africa,2019,Secondhand_smoke_per_100k_people,5.050444482
Angola,AGO,Africa,2019,Household_air_pollution_from_solid_fuels_per_100k_people,26.97073351
Angola,AGO,Africa,2019,Air_pollution_per_100k_people,44.45874751
Antigua and Barbuda,ATG,North America,2019,Outdoor_air_pollution_per_100k_people,32.56727857
Antigua and Barbuda,ATG,North America,2019,Unsafe_water_source_per_100k_people,1.085575952
Antigua and Barbuda,ATG,North America,2019,Secondhand_smoke_per_100k_people,8.684607619
Antigua and Barbuda,ATG,North America,2019,Household_air_pollution_from_solid_fuels_per_100k_people,0
Antigua and Barbuda,ATG,North America,2019,Air_pollution_per_100k_people,32.56727857
Argentina,ARG,South America,2019,Outdoor_air_pollution_per_100k_people,29.19531828
Argentina,ARG,South America,2019,Unsafe_water_source_per_100k_people,0.700954669
Argentina,ARG,South America,2019,Secondhand_smoke_per_100k_people,19.08821953
Argentina,ARG,South America,2019,Household_air_pollution_from_solid_fuels_per_100k_people,1.575479066
Argentina,ARG,South America,2019,Air_pollution_per_100k_people,30.6595347
Armenia,ARM,Asia,2019,Outdoor_air_pollution_per_100k_people,114.9754556
Armenia,ARM,Asia,2019,Unsafe_water_source_per_100k_people,0.106360273
Armenia,ARM,Asia,2019,Secondhand_smoke_per_100k_people,35.66614503
Armenia,ARM,Asia,2019,Household_air_pollution_from_solid_fuels_per_100k_people,2.76536711
Armenia,ARM,Asia,2019,Air_pollution_per_100k_people,116.5354063
Australia,AUS,Oceania,2019,Outdoor_air_pollution_per_100k_people,7.486123738
Australia,AUS,Oceania,2019,Unsafe_water_source_per_100k_people,0.157851845
Australia,AUS,Oceania,2019,Secondhand_smoke_per_100k_people,6.24304046
Australia,AUS,Oceania,2019,Household_air_pollution_from_solid_fuels_per_100k_people,0.05130185
Australia,AUS,Oceania,2019,Air_pollution_per_100k_people,7.525586699
Austria,AUT,Europe,2019,Outdoor_air_pollution_per_100k_people,30.04531572
Austria,AUT,Europe,2019,Unsafe_water_source_per_100k_people,0.033784088
Austria,AUT,Europe,2019,Secondhand_smoke_per_100k_people,13.58120343
Austria,AUT,Europe,2019,Household_air_pollution_from_solid_fuels_per_100k_people,0.101352264
Austria,AUT,Europe,2019,Air_pollution_per_100k_people,29.89891801
Azerbaijan,AZE,Asia,2019,Outdoor_air_pollution_per_100k_people,79.84610969
Azerbaijan,AZE,Asia,2019,Unsafe_water_source_per_100k_people,0.598546549
Azerbaijan,AZE,Asia,2019,Secondhand_smoke_per_100k_people,31.30398453
Azerbaijan,AZE,Asia,2019,Household_air_pollution_from_solid_fuels_per_100k_people,6.643866698
Azerbaijan,AZE,Asia,2019,Air_pollution_per_100k_people,86.22063044
Bahrain,BHR,Asia,2019,Outdoor_air_pollution_per_100k_people,43.03340677
Bahrain,BHR,Asia,2019,Unsafe_water_source_per_100k_people,0.401555895
Bahrain,BHR,Asia,2019,Secondhand_smoke_per_100k_people,9.905045416
Bahrain,BHR,Asia,2019,Household_air_pollution_from_solid_fuels_per_100k_people,0.133851965
Bahrain,BHR,Asia,2019,Air_pollution_per_100k_people,42.69877686
Bangladesh,BGD,Asia,2019,Outdoor_air_pollution_per_100k_people,50.69714556
Bangladesh,BGD,Asia,2019,Unsafe_water_source_per_100k_people,17.01222977
Bangladesh,BGD,Asia,2019,Secondhand_smoke_per_100k_people,14.90125844
Bangladesh,BGD,Asia,2019,Household_air_pollution_from_solid_fuels_per_100k_people,57.26870687
Bangladesh,BGD,Asia,2019,Air_pollution_per_100k_people,104.8326248
Barbados,BRB,North America,2019,Outdoor_air_pollution_per_100k_people,62.45984724
Barbados,BRB,North America,2019,Unsafe_water_source_per_100k_people,1.070740238
Barbados,BRB,North America,2019,Secondhand_smoke_per_100k_people,10.35048897
Barbados,BRB,North America,2019,Household_air_pollution_from_solid_fuels_per_100k_people,0
Barbados,BRB,North America,2019,Air_pollution_per_100k_people,62.45984724
Belarus,BLR,Europe,2019,Outdoor_air_pollution_per_100k_people,90.05539208
Belarus,BLR,Europe,2019,Unsafe_water_source_per_100k_people,0.042463936
Belarus,BLR,Europe,2019,Secondhand_smoke_per_100k_people,25.84992099
Belarus,BLR,Europe,2019,Household_air_pollution_from_solid_fuels_per_100k_people,1.019134462
Belarus,BLR,Europe,2019,Air_pollution_per_100k_people,90.97898269
Belgium,BEL,Europe,2019,Outdoor_air_pollution_per_100k_people,33.13610085
Belgium,BEL,Europe,2019,Unsafe_water_source_per_100k_people,0.2437118
Belgium,BEL,Europe,2019,Secondhand_smoke_per_100k_people,11.8374303
Belgium,BEL,Europe,2019,Household_air_pollution_from_solid_fuels_per_100k_people,0.052223957
Belgium,BEL,Europe,2019,Air_pollution_per_100k_people,32.962021
Belize,BLZ,North America,2019,Outdoor_air_pollution_per_100k_people,24.41563114
Belize,BLZ,North America,2019,Unsafe_water_source_per_100k_people,2.313059793
Belize,BLZ,North America,2019,Secondhand_smoke_per_100k_people,7.196186021
Belize,BLZ,North America,2019,Household_air_pollution_from_solid_fuels_per_100k_people,7.710199309
Belize,BLZ,North America,2019,Air_pollution_per_100k_people,31.86882381
Benin,BEN,Africa,2019,Outdoor_air_pollution_per_100k_people,19.68195779
Benin,BEN,Africa,2019,Unsafe_water_source_per_100k_people,35.86526248
Benin,BEN,Africa,2019,Secondhand_smoke_per_100k_people,5.337480078
Benin,BEN,Africa,2019,Household_air_pollution_from_solid_fuels_per_100k_people,80.4771577
Benin,BEN,Africa,2019,Air_pollution_per_100k_people,99.5732945
Bermuda,BMU,North America,2019,Outdoor_air_pollution_per_100k_people,14.0820829
Bermuda,BMU,North America,2019,Unsafe_water_source_per_100k_people,0
Bermuda,BMU,North America,2019,Secondhand_smoke_per_100k_people,12.51740702
Bermuda,BMU,North America,2019,Household_air_pollution_from_solid_fuels_per_100k_people,1.564675877
Bermuda,BMU,North America,2019,Air_pollution_per_100k_people,15.64675877
Bhutan,BTN,Asia,2019,Outdoor_air_pollution_per_100k_people,43.78084041
Bhutan,BTN,Asia,2019,Unsafe_water_source_per_100k_people,9.77250902
Bhutan,BTN,Asia,2019,Secondhand_smoke_per_100k_people,8.860408178
Bhutan,BTN,Asia,2019,Household_air_pollution_from_solid_fuels_per_100k_people,45.86564233
Bhutan,BTN,Asia,2019,Air_pollution_per_100k_people,85.99807938
Bolivia,BOL,South America,2019,Outdoor_air_pollution_per_100k_people,34.05699856
Bolivia,BOL,South America,2019,Unsafe_water_source_per_100k_people,3.727504953
Bolivia,BOL,South America,2019,Secondhand_smoke_per_100k_people,4.924721806
Bolivia,BOL,South America,2019,Household_air_pollution_from_solid_fuels_per_100k_people,19.32528764
Bolivia,BOL,South America,2019,Air_pollution_per_100k_people,53.11057741
Bosnia and Herzegovina,BIH,Europe,2019,Outdoor_air_pollution_per_100k_people,110.3933067
Bosnia and Herzegovina,BIH,Europe,2019,Unsafe_water_source_per_100k_people,0.089266825
Bosnia and Herzegovina,BIH,Europe,2019,Secondhand_smoke_per_100k_people,38.97984682
Bosnia and Herzegovina,BIH,Europe,2019,Household_air_pollution_from_solid_fuels_per_100k_people,34.15943829
Bosnia and Herzegovina,BIH,Europe,2019,Air_pollution_per_100k_people,143.9278772
Botswana,BWA,Africa,2019,Outdoor_air_pollution_per_100k_people,38.64460644
Botswana,BWA,Africa,2019,Unsafe_water_source_per_100k_people,15.92189789
Botswana,BWA,Africa,2019,Secondhand_smoke_per_100k_people,17.08203618
Botswana,BWA,Africa,2019,Household_air_pollution_from_solid_fuels_per_100k_people,25.44303281
Botswana,BWA,Africa,2019,Air_pollution_per_100k_people,63.84761064
Brazil,BRA,South America,2019,Outdoor_air_pollution_per_100k_people,22.31389074
Brazil,BRA,South America,2019,Unsafe_water_source_per_100k_people,2.034630958
Brazil,BRA,South America,2019,Secondhand_smoke_per_100k_people,13.12098516
Brazil,BRA,South America,2019,Household_air_pollution_from_solid_fuels_per_100k_people,6.618098749
Brazil,BRA,South America,2019,Air_pollution_per_100k_people,28.76294844
Bulgaria,BGR,Europe,2019,Outdoor_air_pollution_per_100k_people,132.2579716
Bulgaria,BGR,Europe,2019,Unsafe_water_source_per_100k_people,0.129018182
Bulgaria,BGR,Europe,2019,Secondhand_smoke_per_100k_people,43.33577369
Bulgaria,BGR,Europe,2019,Household_air_pollution_from_solid_fuels_per_100k_people,25.97566058
Bulgaria,BGR,Europe,2019,Air_pollution_per_100k_people,157.8752483
Burkina Faso,BFA,Africa,2019,Outdoor_air_pollution_per_100k_people,16.70036411
Burkina Faso,BFA,Africa,2019,Unsafe_water_source_per_100k_people,61.79946113
Burkina Faso,BFA,Africa,2019,Secondhand_smoke_per_100k_people,7.923007837
Burkina Faso,BFA,Africa,2019,Household_air_pollution_from_solid_fuels_per_100k_people,115.9956985
Burkina Faso,BFA,Africa,2019,Air_pollution_per_100k_people,132.2903664
Burundi,BDI,Africa,2019,Outdoor_air_pollution_per_100k_people,9.195914925
Burundi,BDI,Africa,2019,Unsafe_water_source_per_100k_people,68.18619336
Burundi,BDI,Africa,2019,Secondhand_smoke_per_100k_people,3.18320132
Burundi,BDI,Africa,2019,Household_air_pollution_from_solid_fuels_per_100k_people,84.24535981
Burundi,BDI,Africa,2019,Air_pollution_per_100k_people,92.750739
Cambodia,KHM,Asia,2019,Outdoor_air_pollution_per_100k_people,22.60030482
Cambodia,KHM,Asia,2019,Unsafe_water_source_per_100k_people,8.22446255
Cambodia,KHM,Asia,2019,Secondhand_smoke_per_100k_people,20.81720678
Cambodia,KHM,Asia,2019,Household_air_pollution_from_solid_fuels_per_100k_people,86.58822763
Cambodia,KHM,Asia,2019,Air_pollution_per_100k_people,108.7257907
Cameroon,CMR,Africa,2019,Outdoor_air_pollution_per_100k_people,40.65573409
Cameroon,CMR,Africa,2019,Unsafe_water_source_per_100k_people,58.68357726
Cameroon,CMR,Africa,2019,Secondhand_smoke_per_100k_people,5.28268554
Cameroon,CMR,Africa,2019,Household_air_pollution_from_solid_fuels_per_100k_people,46.80723135
Cameroon,CMR,Africa,2019,Air_pollution_per_100k_people,87.00916647
Canada,CAN,North America,2019,Outdoor_air_pollution_per_100k_people,11.68312845
Canada,CAN,North America,2019,Unsafe_water_source_per_100k_people,0.156909761
Canada,CAN,North America,2019,Secondhand_smoke_per_100k_people,8.624717862
Canada,CAN,North America,2019,Household_air_pollution_from_solid_fuels_per_100k_people,0.0212759
Canada,CAN,North America,2019,Air_pollution_per_100k_people,11.6512146
Central African Republic,CAF,Africa,2019,Outdoor_air_pollution_per_100k_people,19.71465012
Central African Republic,CAF,Africa,2019,Unsafe_water_source_per_100k_people,141.4003045
Central African Republic,CAF,Africa,2019,Secondhand_smoke_per_100k_people,7.524968691
Central African Republic,CAF,Africa,2019,Household_air_pollution_from_solid_fuels_per_100k_people,133.6257833
Central African Republic,CAF,Africa,2019,Air_pollution_per_100k_people,152.0158854
Chad,TCD,Africa,2019,Outdoor_air_pollution_per_100k_people,16.95307693
Chad,TCD,Africa,2019,Unsafe_water_source_per_100k_people,164.055434
Chad,TCD,Africa,2019,Secondhand_smoke_per_100k_people,8.067283501
Chad,TCD,Africa,2019,Household_air_pollution_from_solid_fuels_per_100k_people,118.2250786
Chad,TCD,Africa,2019,Air_pollution_per_100k_people,134.6138797
Chile,CHL,South America,2019,Outdoor_air_pollution_per_100k_people,31.17206164
Chile,CHL,South America,2019,Unsafe_water_source_per_100k_people,0.582998962
Chile,CHL,South America,2019,Secondhand_smoke_per_100k_people,12.21146475
Chile,CHL,South America,2019,Household_air_pollution_from_solid_fuels_per_100k_people,1.733240159
Chile,CHL,South America,2019,Air_pollution_per_100k_people,32.7950047
China,CHN,Asia,2019,Outdoor_air_pollution_per_100k_people,107.7541742
China,CHN,Asia,2019,Unsafe_water_source_per_100k_people,0.232286387
China,CHN,Asia,2019,Secondhand_smoke_per_100k_people,29.55464235
China,CHN,Asia,2019,Household_air_pollution_from_solid_fuels_per_100k_people,25.78798007
China,CHN,Asia,2019,Air_pollution_per_100k_people,131.2932385
Colombia,COL,South America,2019,Outdoor_air_pollution_per_100k_people,26.51262749
Colombia,COL,South America,2019,Unsafe_water_source_per_100k_people,1.052056765
Colombia,COL,South America,2019,Secondhand_smoke_per_100k_people,7.08544291
Colombia,COL,South America,2019,Household_air_pollution_from_solid_fuels_per_100k_people,4.889672919
Colombia,COL,South America,2019,Air_pollution_per_100k_people,31.30466635
Comoros,COM,Africa,2019,Outdoor_air_pollution_per_100k_people,12.01032635
Comoros,COM,Africa,2019,Unsafe_water_source_per_100k_people,28.57193427
Comoros,COM,Africa,2019,Secondhand_smoke_per_100k_people,9.355412106
Comoros,COM,Africa,2019,Household_air_pollution_from_solid_fuels_per_100k_people,69.78631733
Comoros,COM,Africa,2019,Air_pollution_per_100k_people,81.67021919
Costa Rica,CRI,North America,2019,Outdoor_air_pollution_per_100k_people,19.0381337
Costa Rica,CRI,North America,2019,Unsafe_water_source_per_100k_people,1.081712142
Costa Rica,CRI,North America,2019,Secondhand_smoke_per_100k_people,6.332932903
Costa Rica,CRI,North America,2019,Household_air_pollution_from_solid_fuels_per_100k_people,2.045419323
Costa Rica,CRI,North America,2019,Air_pollution_per_100k_people,21.00488305
Cote d'Ivoire,CIV,Africa,2019,Outdoor_air_pollution_per_100k_people,26.26632223
Cote d'Ivoire,CIV,Africa,2019,Unsafe_water_source_per_100k_people,23.76513196
Cote d'Ivoire,CIV,Africa,2019,Secondhand_smoke_per_100k_people,8.995106272
Cote d'Ivoire,CIV,Africa,2019,Household_air_pollution_from_solid_fuels_per_100k_people,62.19320502
Cote d'Ivoire,CIV,Africa,2019,Air_pollution_per_100k_people,88.1650446
Croatia,HRV,Europe,2019,Outdoor_air_pollution_per_100k_people,79.7982315
Croatia,HRV,Europe,2019,Unsafe_water_source_per_100k_people,0.19678972
Croatia,HRV,Europe,2019,Secondhand_smoke_per_100k_people,36.89807252
Croatia,HRV,Europe,2019,Household_air_pollution_from_solid_fuels_per_100k_people,4.157182837
Croatia,HRV,Europe,2019,Air_pollution_per_100k_people,83.38964389
Cuba,CUB,North America,2019,Outdoor_air_pollution_per_100k_people,52.65670716
Cuba,CUB,North America,2019,Unsafe_water_source_per_100k_people,1.758463622
Cuba,CUB,North America,2019,Secondhand_smoke_per_100k_people,19.23706184
Cuba,CUB,North America,2019,Household_air_pollution_from_solid_fuels_per_100k_people,1.767300123
Cuba,CUB,North America,2019,Air_pollution_per_100k_people,54.29145978
Cyprus,CYP,Asia,2019,Outdoor_air_pollution_per_100k_people,37.59655479
Cyprus,CYP,Asia,2019,Unsafe_water_source_per_100k_people,0.081377824
Cyprus,CYP,Asia,2019,Secondhand_smoke_per_100k_people,13.02045187
Cyprus,CYP,Asia,2019,Household_air_pollution_from_solid_fuels_per_100k_people,0.081377824
Cyprus,CYP,Asia,2019,Air_pollution_per_100k_people,37.27104349
Czechia,CZE,Europe,2019,Outdoor_air_pollution_per_100k_people,61.48875502
Czechia,CZE,Europe,2019,Unsafe_water_source_per_100k_people,0.534114452
Czechia,CZE,Europe,2019,Secondhand_smoke_per_100k_people,22.39532528
Czechia,CZE,Europe,2019,Household_air_pollution_from_solid_fuels_per_100k_people,0.749634319
Czechia,CZE,Europe,2019,Air_pollution_per_100k_people,61.91042432
Denmark,DNK,Europe,2019,Outdoor_air_pollution_per_100k_people,25.36795575
Denmark,DNK,Europe,2019,Unsafe_water_source_per_100k_people,0.171986141
Denmark,DNK,Europe,2019,Secondhand_smoke_per_100k_people,12.3486049
Denmark,DNK,Europe,2019,Household_air_pollution_from_solid_fuels_per_100k_people,0.034397228
Denmark,DNK,Europe,2019,Air_pollution_per_100k_people,25.23036684
Djibouti,DJI,Africa,2019,Outdoor_air_pollution_per_100k_people,42.83077932
Djibouti,DJI,Africa,2019,Unsafe_water_source_per_100k_people,24.58114291
Djibouti,DJI,Africa,2019,Secondhand_smoke_per_100k_people,10.80080522
Djibouti,DJI,Africa,2019,Household_air_pollution_from_solid_fuels_per_100k_people,18.71518835
Djibouti,DJI,Africa,2019,Air_pollution_per_100k_people,61.2666365
Dominica,DMA,North America,2019,Outdoor_air_pollution_per_100k_people,46.2003696
Dominica,DMA,North America,2019,Unsafe_water_source_per_100k_people,1.4000112
Dominica,DMA,North America,2019,Secondhand_smoke_per_100k_people,11.2000896
Dominica,DMA,North America,2019,Household_air_pollution_from_solid_fuels_per_100k_people,5.6000448
Dominica,DMA,North America,2019,Air_pollution_per_100k_people,51.8004144
Dominican Republic,DOM,North America,2019,Outdoor_air_pollution_per_100k_people,35.2144969
Dominican Republic,DOM,North America,2019,Unsafe_water_source_per_100k_people,4.135314094
Dominican Republic,DOM,North America,2019,Secondhand_smoke_per_100k_people,9.180397288
Dominican Republic,DOM,North America,2019,Household_air_pollution_from_solid_fuels_per_100k_people,8.629022075
Dominican Republic,DOM,North America,2019,Air_pollution_per_100k_people,43.79757105
Ecuador,ECU,South America,2019,Outdoor_air_pollution_per_100k_people,24.76397824
Ecuador,ECU,South America,2019,Unsafe_water_source_per_100k_people,1.591352269
Ecuador,ECU,South America,2019,Secondhand_smoke_per_100k_people,4.174416821
Ecuador,ECU,South America,2019,Household_air_pollution_from_solid_fuels_per_100k_people,2.744506087
Ecuador,ECU,South America,2019,Air_pollution_per_100k_people,27.45659241
El Salvador,SLV,North America,2019,Outdoor_air_pollution_per_100k_people,31.35241983
El Salvador,SLV,North America,2019,Unsafe_water_source_per_100k_people,3.518986685
El Salvador,SLV,North America,2019,Secondhand_smoke_per_100k_people,5.955208236
El Salvador,SLV,North America,2019,Household_air_pollution_from_solid_fuels_per_100k_people,9.840424304
El Salvador,SLV,North America,2019,Air_pollution_per_100k_people,40.98584492
Equatorial Guinea,GNQ,Africa,2019,Outdoor_air_pollution_per_100k_people,25.94925665
Equatorial Guinea,GNQ,Africa,2019,Unsafe_water_source_per_100k_people,6.245850856
Equatorial Guinea,GNQ,Africa,2019,Secondhand_smoke_per_100k_people,3.026340105
Equatorial Guinea,GNQ,Africa,2019,Household_air_pollution_from_solid_fuels_per_100k_people,5.40877806
Equatorial Guinea,GNQ,Africa,2019,Air_pollution_per_100k_people,31.29364449
Eritrea,ERI,Africa,2019,Outdoor_air_pollution_per_100k_people,40.69945907
Eritrea,ERI,Africa,2019,Unsafe_water_source_per_100k_people,103.4920936
Eritrea,ERI,Africa,2019,Secondhand_smoke_per_100k_people,10.63216206
Eritrea,ERI,Africa,2019,Household_air_pollution_from_solid_fuels_per_100k_people,112.4951341
Eritrea,ERI,Africa,2019,Air_pollution_per_100k_people,152.5086472
Estonia,EST,Europe,2019,Outdoor_air_pollution_per_100k_people,12.5857451
Estonia,EST,Europe,2019,Unsafe_water_source_per_100k_people,0.075363743
Estonia,EST,Europe,2019,Secondhand_smoke_per_100k_people,15.37420359
Estonia,EST,Europe,2019,Household_air_pollution_from_solid_fuels_per_100k_people,3.014549724
Estonia,EST,Europe,2019,Air_pollution_per_100k_people,15.60029482
Eswatini,SWZ,Africa,2019,Outdoor_air_pollution_per_100k_people,30.26642146
Eswatini,SWZ,Africa,2019,Unsafe_water_source_per_100k_people,33.85735282
Eswatini,SWZ,Africa,2019,Secondhand_smoke_per_100k_people,7.438357816
Eswatini,SWZ,Africa,2019,Household_air_pollution_from_solid_fuels_per_100k_people,41.21021227
Eswatini,SWZ,Africa,2019,Air_pollution_per_100k_people,71.13464026
Ethiopia,ETH,Africa,2019,Outdoor_air_pollution_per_100k_people,8.462101065
Ethiopia,ETH,Africa,2019,Unsafe_water_source_per_100k_people,37.83190964
Ethiopia,ETH,Africa,2019,Secondhand_smoke_per_100k_people,1.566763664
Ethiopia,ETH,Africa,2019,Household_air_pollution_from_solid_fuels_per_100k_people,59.43449611
Ethiopia,ETH,Africa,2019,Air_pollution_per_100k_people,67.49000973
Fiji,FJI,Oceania,2019,Outdoor_air_pollution_per_100k_people,36.03839014
Fiji,FJI,Oceania,2019,Unsafe_water_source_per_100k_people,7.403657189
Fiji,FJI,Oceania,2019,Secondhand_smoke_per_100k_people,37.45379519
Fiji,FJI,Oceania,2019,Household_air_pollution_from_solid_fuels_per_100k_people,32.8809481
Fiji,FJI,Oceania,2019,Air_pollution_per_100k_people,69.02821556
Finland,FIN,Europe,2019,Outdoor_air_pollution_per_100k_people,7.515929242
Finland,FIN,Europe,2019,Unsafe_water_source_per_100k_people,0.018110673
Finland,FIN,Europe,2019,Secondhand_smoke_per_100k_people,7.280490495
Finland,FIN,Europe,2019,Household_air_pollution_from_solid_fuels_per_100k_people,0.036221346
Finland,FIN,Europe,2019,Air_pollution_per_100k_people,7.552150588
France,FRA,Europe,2019,Outdoor_air_pollution_per_100k_people,21.33614262
France,FRA,Europe,2019,Unsafe_water_source_per_100k_people,0.130587046
France,FRA,Europe,2019,Secondhand_smoke_per_100k_people,6.015907788
France,FRA,Europe,2019,Household_air_pollution_from_solid_fuels_per_100k_people,0.054905917
France,FRA,Europe,2019,Air_pollution_per_100k_people,21.27084909
Gabon,GAB,Africa,2019,Outdoor_air_pollution_per_100k_people,36.91838495
Gabon,GAB,Africa,2019,Unsafe_water_source_per_100k_people,8.560784917
Gabon,GAB,Africa,2019,Secondhand_smoke_per_100k_people,5.216728309
Gabon,GAB,Africa,2019,Household_air_pollution_from_solid_fuels_per_100k_people,3.07653208
Gabon,GAB,Africa,2019,Air_pollution_per_100k_people,39.90574219
Georgia,GEO,Asia,2019,Outdoor_air_pollution_per_100k_people,86.31346869
Georgia,GEO,Asia,2019,Unsafe_water_source_per_100k_people,0.188163899
Georgia,GEO,Asia,2019,Secondhand_smoke_per_100k_people,42.41751903
Georgia,GEO,Asia,2019,Household_air_pollution_from_solid_fuels_per_100k_people,42.84760794
Georgia,GEO,Asia,2019,Air_pollution_per_100k_people,128.6772266
Germany,DEU,Europe,2019,Outdoor_air_pollution_per_100k_people,35.38326146
Germany,DEU,Europe,2019,Unsafe_water_source_per_100k_people,0.127567964
Germany,DEU,Europe,2019,Secondhand_smoke_per_100k_people,9.702386106
Germany,DEU,Europe,2019,Household_air_pollution_from_solid_fuels_per_100k_people,0.036104141
Germany,DEU,Europe,2019,Air_pollution_per_100k_people,35.20394423
Ghana,GHA,Africa,2019,Outdoor_air_pollution_per_100k_people,40.82507965
Ghana,GHA,Africa,2019,Unsafe_water_source_per_100k_people,17.76203442
Ghana,GHA,Africa,2019,Secondhand_smoke_per_100k_people,3.908345491
Ghana,GHA,Africa,2019,Household_air_pollution_from_solid_fuels_per_100k_people,35.10214518
Ghana,GHA,Africa,2019,Air_pollution_per_100k_people,75.47674994
Greece,GRC,Europe,2019,Outdoor_air_pollution_per_100k_people,58.06978858
Greece,GRC,Europe,2019,Unsafe_water_source_per_100k_people,0.009326982
Greece,GRC,Europe,2019,Secondhand_smoke_per_100k_people,24.39938434
Greece,GRC,Europe,2019,Household_air_pollution_from_solid_fuels_per_100k_people,0.382406253
Greece,GRC,Europe,2019,Air_pollution_per_100k_people,58.00449971
Greenland,GRL,North America,2019,Outdoor_air_pollution_per_100k_people,12.44997777
Greenland,GRL,North America,2019,Unsafe_water_source_per_100k_people,0
Greenland,GRL,North America,2019,Secondhand_smoke_per_100k_people,21.34281903
Greenland,GRL,North America,2019,Household_air_pollution_from_solid_fuels_per_100k_people,0
Greenland,GRL,North America,2019,Air_pollution_per_100k_people,12.44997777
Grenada,GRD,North America,2019,Outdoor_air_pollution_per_100k_people,41.55666373
Grenada,GRD,North America,2019,Unsafe_water_source_per_100k_people,0.814836544
Grenada,GRD,North America,2019,Secondhand_smoke_per_100k_people,8.963201982
Grenada,GRD,North America,2019,Household_air_pollution_from_solid_fuels_per_100k_people,1.629673088
Grenada,GRD,North America,2019,Air_pollution_per_100k_people,44.00117336
Guam,GUM,Oceania,2019,Outdoor_air_pollution_per_100k_people,18.38409716
Guam,GUM,Oceania,2019,Unsafe_water_source_per_100k_people,2.372141569
Guam,GUM,Oceania,2019,Secondhand_smoke_per_100k_people,24.90748648
Guam,GUM,Oceania,2019,Household_air_pollution_from_solid_fuels_per_100k_people,2.965176962
Guam,GUM,Oceania,2019,Air_pollution_per_100k_people,21.34927412
Guatemala,GTM,North America,2019,Outdoor_air_pollution_per_100k_people,22.81976672
Guatemala,GTM,North America,2019,Unsafe_water_source_per_100k_people,12.20788259
Guatemala,GTM,North America,2019,Secondhand_smoke_per_100k_people,6.209337422
Guatemala,GTM,North America,2019,Household_air_pollution_from_solid_fuels_per_100k_people,31.89587875
Guatemala,GTM,North America,2019,Air_pollution_per_100k_people,54.59519276
Guinea,GIN,Africa,2019,Outdoor_air_pollution_per_100k_people,19.95722941
Guinea,GIN,Africa,2019,Unsafe_water_source_per_100k_people,43.19148247
Guinea,GIN,Africa,2019,Secondhand_smoke_per_100k_people,9.303019777
Guinea,GIN,Africa,2019,Household_air_pollution_from_solid_fuels_per_100k_people,106.790591
Guinea,GIN,Africa,2019,Air_pollution_per_100k_people,126.1265837
Guinea-Bissau,GNB,Africa,2019,Outdoor_air_pollution_per_100k_people,18.72662027
Guinea-Bissau,GNB,Africa,2019,Unsafe_water_source_per_100k_people,53.4393798
Guinea-Bissau,GNB,Africa,2019,Secondhand_smoke_per_100k_people,7.257199726
Guinea-Bissau,GNB,Africa,2019,Household_air_pollution_from_solid_fuels_per_100k_people,83.17867378
Guinea-Bissau,GNB,Africa,2019,Air_pollution_per_100k_people,101.3977976
Guyana,GUY,South America,2019,Outdoor_air_pollution_per_100k_people,51.4552058
Guyana,GUY,South America,2019,Unsafe_water_source_per_100k_people,6.134562249
Guyana,GUY,South America,2019,Secondhand_smoke_per_100k_people,14.64783231
Guyana,GUY,South America,2019,Household_air_pollution_from_solid_fuels_per_100k_people,6.885733137
Guyana,GUY,South America,2019,Air_pollution_per_100k_people,58.34093894
Haiti,HTI,North America,2019,Outdoor_air_pollution_per_100k_people,17.14090433
Haiti,HTI,North America,2019,Unsafe_water_source_per_100k_people,31.37869679
Haiti,HTI,North America,2019,Secondhand_smoke_per_100k_people,7.544506766
Haiti,HTI,North America,2019,Household_air_pollution_from_solid_fuels_per_100k_people,108.8756552
Haiti,HTI,North America,2019,Air_pollution_per_100k_people,125.6043894
Honduras,HND,North America,2019,Outdoor_air_pollution_per_100k_people,18.89780415
Honduras,HND,North America,2019,Unsafe_water_source_per_100k_people,7.822204799
Honduras,HND,North America,2019,Secondhand_smoke_per_100k_people,8.203775765
Honduras,HND,North America,2019,Household_air_pollution_from_solid_fuels_per_100k_people,38.91019717
Honduras,HND,North America,2019,Air_pollution_per_100k_people,57.4364717
Hungary,HUN,Europe,2019,Outdoor_air_pollution_per_100k_people,74.93495386
Hungary,HUN,Europe,2019,Unsafe_water_source_per_100k_people,0.60381894
Hungary,HUN,Europe,2019,Secondhand_smoke_per_100k_people,36.84318955
Hungary,HUN,Europe,2019,Household_air_pollution_from_solid_fuels_per_100k_people,13.78549342
Hungary,HUN,Europe,2019,Air_pollution_per_100k_people,88.18826788
Iceland,ISL,Europe,2019,Outdoor_air_pollution_per_100k_people,5.269536808
Iceland,ISL,Europe,2019,Unsafe_water_source_per_100k_people,0
Iceland,ISL,Europe,2019,Secondhand_smoke_per_100k_people,8.320321275
Iceland,ISL,Europe,2019,Household_air_pollution_from_solid_fuels_per_100k_people,0
Iceland,ISL,Europe,2019,Air_pollution_per_100k_people,5.269536808
India,IND,Asia,2019,Outdoor_air_pollution_per_100k_people,82.97729746
India,IND,Asia,2019,Unsafe_water_source_per_100k_people,36.74973405
India,IND,Asia,2019,Secondhand_smoke_per_100k_people,17.35925878
India,IND,Asia,2019,Household_air_pollution_from_solid_fuels_per_100k_people,43.87858525
India,IND,Asia,2019,Air_pollution_per_100k_people,120.5492353
Indonesia,IDN,Asia,2019,Outdoor_air_pollution_per_100k_people,40.85088816
Indonesia,IDN,Asia,2019,Unsafe_water_source_per_100k_people,16.979565
Indonesia,IDN,Asia,2019,Secondhand_smoke_per_100k_people,19.49493246
Indonesia,IDN,Asia,2019,Household_air_pollution_from_solid_fuels_per_100k_people,28.51330937
Indonesia,IDN,Asia,2019,Air_pollution_per_100k_people,69.09452165
Iraq,IRQ,Asia,2019,Outdoor_air_pollution_per_100k_people,61.68149377
Iraq,IRQ,Asia,2019,Unsafe_water_source_per_100k_people,0.919075189
Iraq,IRQ,Asia,2019,Secondhand_smoke_per_100k_people,15.96351801
Iraq,IRQ,Asia,2019,Household_air_pollution_from_solid_fuels_per_100k_people,0.153981183
Iraq,IRQ,Asia,2019,Air_pollution_per_100k_people,61.65502826
Ireland,IRL,Europe,2019,Outdoor_air_pollution_per_100k_people,11.16664032
Ireland,IRL,Europe,2019,Unsafe_water_source_per_100k_people,0.020266135
Ireland,IRL,Europe,2019,Secondhand_smoke_per_100k_people,8.815768674
Ireland,IRL,Europe,2019,Household_air_pollution_from_solid_fuels_per_100k_people,0.04053227
Ireland,IRL,Europe,2019,Air_pollution_per_100k_people,11.18690646
Israel,ISR,Asia,2019,Outdoor_air_pollution_per_100k_people,27.38016346
Israel,ISR,Asia,2019,Unsafe_water_source_per_100k_people,0.143582947
Israel,ISR,Asia,2019,Secondhand_smoke_per_100k_people,5.986304396
Israel,ISR,Asia,2019,Household_air_pollution_from_solid_fuels_per_100k_people,0.044179368
Israel,ISR,Asia,2019,Air_pollution_per_100k_people,27.1261321
Italy,ITA,Europe,2019,Outdoor_air_pollution_per_100k_people,47.13449383
Italy,ITA,Europe,2019,Unsafe_water_source_per_100k_people,0.078688637
Italy,ITA,Europe,2019,Secondhand_smoke_per_100k_people,14.01997128
Italy,ITA,Europe,2019,Household_air_pollution_from_solid_fuels_per_100k_people,0.202581386
Italy,ITA,Europe,2019,Air_pollution_per_100k_people,46.71426302
Jamaica,JAM,North America,2019,Outdoor_air_pollution_per_100k_people,34.2600487
Jamaica,JAM,North America,2019,Unsafe_water_source_per_100k_people,1.137263027
Jamaica,JAM,North America,2019,Secondhand_smoke_per_100k_people,12.08341966
Jamaica,JAM,North America,2019,Household_air_pollution_from_solid_fuels_per_100k_people,7.072354451
Jamaica,JAM,North America,2019,Air_pollution_per_100k_people,41.22578474
Japan,JPN,Asia,2019,Outdoor_air_pollution_per_100k_people,33.75265531
Japan,JPN,Asia,2019,Unsafe_water_source_per_100k_people,0.428008497
Japan,JPN,Asia,2019,Secondhand_smoke_per_100k_people,13.26352531
Japan,JPN,Asia,2019,Household_air_pollution_from_solid_fuels_per_100k_people,0.07501994
Japan,JPN,Asia,2019,Air_pollution_per_100k_people,33.61288132
Jordan,JOR,Asia,2019,Outdoor_air_pollution_per_100k_people,29.39614156
Jordan,JOR,Asia,2019,Unsafe_water_source_per_100k_people,0.271061401
Jordan,JOR,Asia,2019,Secondhand_smoke_per_100k_people,9.477802081
Jordan,JOR,Asia,2019,Household_air_pollution_from_solid_fuels_per_100k_people,0.01869389
Jordan,JOR,Asia,2019,Air_pollution_per_100k_people,29.26528433
Kazakhstan,KAZ,Asia,2019,Outdoor_air_pollution_per_100k_people,57.81672821
Kazakhstan,KAZ,Asia,2019,Unsafe_water_source_per_100k_people,0.156640986
Kazakhstan,KAZ,Asia,2019,Secondhand_smoke_per_100k_people,19.20742578
Kazakhstan,KAZ,Asia,2019,Household_air_pollution_from_solid_fuels_per_100k_people,7.691612572
Kazakhstan,KAZ,Asia,2019,Air_pollution_per_100k_people,65.027615
Kenya,KEN,Africa,2019,Outdoor_air_pollution_per_100k_people,11.26170109
Kenya,KEN,Africa,2019,Unsafe_water_source_per_100k_people,30.23466457
Kenya,KEN,Africa,2019,Secondhand_smoke_per_100k_people,3.595579714
Kenya,KEN,Africa,2019,Household_air_pollution_from_solid_fuels_per_100k_people,43.39228815
Kenya,KEN,Africa,2019,Air_pollution_per_100k_people,54.44202275
Kiribati,KIR,Oceania,2019,Outdoor_air_pollution_per_100k_people,16.09774551
Kiribati,KIR,Oceania,2019,Unsafe_water_source_per_100k_people,27.36616737
Kiribati,KIR,Oceania,2019,Secondhand_smoke_per_100k_people,41.85413833
Kiribati,KIR,Oceania,2019,Household_air_pollution_from_solid_fuels_per_100k_people,107.0500076
Kiribati,KIR,Oceania,2019,Air_pollution_per_100k_people,122.3428659
Kuwait,KWT,Asia,2019,Outdoor_air_pollution_per_100k_people,34.92378014
Kuwait,KWT,Asia,2019,Unsafe_water_source_per_100k_people,0.045033888
Kuwait,KWT,Asia,2019,Secondhand_smoke_per_100k_people,8.038549008
Kuwait,KWT,Asia,2019,Household_air_pollution_from_solid_fuels_per_100k_people,0.022516944
Kuwait,KWT,Asia,2019,Air_pollution_per_100k_people,34.74364459
Latvia,LVA,Europe,2019,Outdoor_air_pollution_per_100k_people,59.09640499
Latvia,LVA,Europe,2019,Unsafe_water_source_per_100k_people,0.052251463
Latvia,LVA,Europe,2019,Secondhand_smoke_per_100k_people,25.9167258
Latvia,LVA,Europe,2019,Household_air_pollution_from_solid_fuels_per_100k_people,5.434152183
Latvia,LVA,Europe,2019,Air_pollution_per_100k_people,64.47830571
Lebanon,LBN,Asia,2019,Outdoor_air_pollution_per_100k_people,58.61387947
Lebanon,LBN,Asia,2019,Unsafe_water_source_per_100k_people,0.691813272
Lebanon,LBN,Asia,2019,Secondhand_smoke_per_100k_people,23.38328859
Lebanon,LBN,Asia,2019,Household_air_pollution_from_solid_fuels_per_100k_people,0.172953318
Lebanon,LBN,Asia,2019,Air_pollution_per_100k_people,58.49281215
Lesotho,LSO,Africa,2019,Outdoor_air_pollution_per_100k_people,39.71780589
Lesotho,LSO,Africa,2019,Unsafe_water_source_per_100k_people,54.72430721
Lesotho,LSO,Africa,2019,Secondhand_smoke_per_100k_people,21.65608873
Lesotho,LSO,Africa,2019,Household_air_pollution_from_solid_fuels_per_100k_people,73.37010975
Lesotho,LSO,Africa,2019,Air_pollution_per_100k_people,112.279182
Liberia,LBR,Africa,2019,Outdoor_air_pollution_per_100k_people,13.47965986
Liberia,LBR,Africa,2019,Unsafe_water_source_per_100k_people,41.32157634
Liberia,LBR,Africa,2019,Secondhand_smoke_per_100k_people,3.470210052
Liberia,LBR,Africa,2019,Household_air_pollution_from_solid_fuels_per_100k_people,54.44017388
Liberia,LBR,Africa,2019,Air_pollution_per_100k_people,67.71924356
Libya,LBY,Africa,2019,Outdoor_air_pollution_per_100k_people,52.67093393
Libya,LBY,Africa,2019,Unsafe_water_source_per_100k_people,0.563244091
Libya,LBY,Africa,2019,Secondhand_smoke_per_100k_people,17.67368621
Libya,LBY,Africa,2019,Household_air_pollution_from_solid_fuels_per_100k_people,0.121782506
Libya,LBY,Africa,2019,Air_pollution_per_100k_people,52.44259173
Lithuania,LTU,Europe,2019,Outdoor_air_pollution_per_100k_people,45.81020902
Lithuania,LTU,Europe,2019,Unsafe_water_source_per_100k_people,0.178946129
Lithuania,LTU,Europe,2019,Secondhand_smoke_per_100k_people,20.61459406
Lithuania,LTU,Europe,2019,Household_air_pollution_from_solid_fuels_per_100k_people,2.183142774
Lithuania,LTU,Europe,2019,Air_pollution_per_100k_people,47.95756257
Luxembourg,LUX,Europe,2019,Outdoor_air_pollution_per_100k_people,16.61287643
Luxembourg,LUX,Europe,2019,Unsafe_water_source_per_100k_people,0
Luxembourg,LUX,Europe,2019,Secondhand_smoke_per_100k_people,8.064503122
Luxembourg,LUX,Europe,2019,Household_air_pollution_from_solid_fuels_per_100k_people,0
Luxembourg,LUX,Europe,2019,Air_pollution_per_100k_people,16.45158637
Madagascar,MDG,Africa,2019,Outdoor_air_pollution_per_100k_people,8.517010813
Madagascar,MDG,Africa,2019,Unsafe_water_source_per_100k_people,56.93866888
Madagascar,MDG,Africa,2019,Secondhand_smoke_per_100k_people,5.291805866
Madagascar,MDG,Africa,2019,Household_air_pollution_from_solid_fuels_per_100k_people,77.93882091
Madagascar,MDG,Africa,2019,Air_pollution_per_100k_people,86.25244042
Malawi,MWI,Africa,2019,Outdoor_air_pollution_per_100k_people,7.308927593
Malawi,MWI,Africa,2019,Unsafe_water_source_per_100k_people,34.30266815
Malawi,MWI,Africa,2019,Secondhand_smoke_per_100k_people,3.688914869
Malawi,MWI,Africa,2019,Household_air_pollution_from_solid_fuels_per_100k_people,65.61074305
Malawi,MWI,Africa,2019,Air_pollution_per_100k_people,72.70236388
Malaysia,MYS,Asia,2019,Outdoor_air_pollution_per_100k_people,33.19105402
Malaysia,MYS,Asia,2019,Unsafe_water_source_per_100k_people,2.213143389
Malaysia,MYS,Asia,2019,Secondhand_smoke_per_100k_people,18.18069859
Malaysia,MYS,Asia,2019,Household_air_pollution_from_solid_fuels_per_100k_people,0.338373163
Malaysia,MYS,Asia,2019,Air_pollution_per_100k_people,33.41053932
Maldives,MDV,Asia,2019,Outdoor_air_pollution_per_100k_people,11.69456183
Maldives,MDV,Asia,2019,Unsafe_water_source_per_100k_people,1.783916211
Maldives,MDV,Asia,2019,Secondhand_smoke_per_100k_people,9.11779397
Maldives,MDV,Asia,2019,Household_air_pollution_from_solid_fuels_per_100k_people,4.558896985
Maldives,MDV,Asia,2019,Air_pollution_per_100k_people,16.0552459
Mali,MLI,Africa,2019,Outdoor_air_pollution_per_100k_people,16.64768519
Mali,MLI,Africa,2019,Unsafe_water_source_per_100k_people,57.76610625
Mali,MLI,Africa,2019,Secondhand_smoke_per_100k_people,6.004641126
Mali,MLI,Africa,2019,Household_air_pollution_from_solid_fuels_per_100k_people,109.7852604
Mali,MLI,Africa,2019,Air_pollution_per_100k_people,125.791154
Malta,MLT,Europe,2019,Outdoor_air_pollution_per_100k_people,32.33729184
Malta,MLT,Europe,2019,Unsafe_water_source_per_100k_people,0
Malta,MLT,Europe,2019,Secondhand_smoke_per_100k_people,10.71296785
Malta,MLT,Europe,2019,Household_air_pollution_from_solid_fuels_per_100k_people,0
Malta,MLT,Europe,2019,Air_pollution_per_100k_people,32.13890355
Marshall Islands,MHL,Oceania,2019,Outdoor_air_pollution_per_100k_people,26.82883205
Marshall Islands,MHL,Oceania,2019,Unsafe_water_source_per_100k_people,8.942944017
Marshall Islands,MHL,Oceania,2019,Secondhand_smoke_per_100k_people,35.77177607
Marshall Islands,MHL,Oceania,2019,Household_air_pollution_from_solid_fuels_per_100k_people,53.6576641
Marshall Islands,MHL,Oceania,2019,Air_pollution_per_100k_people,80.48649615
Mauritania,MRT,Africa,2019,Outdoor_air_pollution_per_100k_people,32.57411466
Mauritania,MRT,Africa,2019,Unsafe_water_source_per_100k_people,29.17527497
Mauritania,MRT,Africa,2019,Secondhand_smoke_per_100k_people,4.813121985
Mauritania,MRT,Africa,2019,Household_air_pollution_from_solid_fuels_per_100k_people,27.55569364
Mauritania,MRT,Africa,2019,Air_pollution_per_100k_people,59.94732027
Mauritius,MUS,Africa,2019,Outdoor_air_pollution_per_100k_people,47.86786573
Mauritius,MUS,Africa,2019,Unsafe_water_source_per_100k_people,0.473939265
Mauritius,MUS,Africa,2019,Secondhand_smoke_per_100k_people,31.04302184
Mauritius,MUS,Africa,2019,Household_air_pollution_from_solid_fuels_per_100k_people,1.105858284
Mauritius,MUS,Africa,2019,Air_pollution_per_100k_people,49.05271389
Mexico,MEX,North America,2019,Outdoor_air_pollution_per_100k_people,31.06200056
Mexico,MEX,North America,2019,Unsafe_water_source_per_100k_people,1.91389379
Mexico,MEX,North America,2019,Secondhand_smoke_per_100k_people,8.360693927
Mexico,MEX,North America,2019,Household_air_pollution_from_solid_fuels_per_100k_people,7.87782348
Mexico,MEX,North America,2019,Air_pollution_per_100k_people,38.63922919
Moldova,MDA,Europe,2019,Outdoor_air_pollution_per_100k_people,80.36111078
Moldova,MDA,Europe,2019,Unsafe_water_source_per_100k_people,0.187671907
Moldova,MDA,Europe,2019,Secondhand_smoke_per_100k_people,27.43763287
Moldova,MDA,Europe,2019,Household_air_pollution_from_solid_fuels_per_100k_people,10.58469558
Moldova,MDA,Europe,2019,Air_pollution_per_100k_people,90.79566883
Monaco,MCO,Europe,2019,Outdoor_air_pollution_per_100k_people,45.90376411
Monaco,MCO,Europe,2019,Unsafe_water_source_per_100k_people,0
Monaco,MCO,Europe,2019,Secondhand_smoke_per_100k_people,18.90154993
Monaco,MCO,Europe,2019,Household_air_pollution_from_solid_fuels_per_100k_people,0
Monaco,MCO,Europe,2019,Air_pollution_per_100k_people,43.20354269
Mongolia,MNG,Asia,2019,Outdoor_air_pollution_per_100k_people,70.10205944
Mongolia,MNG,Asia,2019,Unsafe_water_source_per_100k_people,1.113713213
Mongolia,MNG,Asia,2019,Secondhand_smoke_per_100k_people,16.45820636
Mongolia,MNG,Asia,2019,Household_air_pollution_from_solid_fuels_per_100k_people,31.21490643
Mongolia,MNG,Asia,2019,Air_pollution_per_100k_people,101.1004105
Montenegro,MNE,Europe,2019,Outdoor_air_pollution_per_100k_people,91.79651077
Montenegro,MNE,Europe,2019,Unsafe_water_source_per_100k_people,0
Montenegro,MNE,Europe,2019,Secondhand_smoke_per_100k_people,39.22653
Montenegro,MNE,Europe,2019,Household_air_pollution_from_solid_fuels_per_100k_people,27.00843049
Montenegro,MNE,Europe,2019,Air_pollution_per_100k_people,118.6441768
Morocco,MAR,Africa,2019,Outdoor_air_pollution_per_100k_people,76.37640035
Morocco,MAR,Africa,2019,Unsafe_water_source_per_100k_people,2.641552508
Morocco,MAR,Africa,2019,Secondhand_smoke_per_100k_people,18.22368237
Morocco,MAR,Africa,2019,Household_air_pollution_from_solid_fuels_per_100k_people,4.624782754
Morocco,MAR,Africa,2019,Air_pollution_per_100k_people,80.56597425
Mozambique,MOZ,Africa,2019,Outdoor_air_pollution_per_100k_people,6.458516004
Mozambique,MOZ,Africa,2019,Unsafe_water_source_per_100k_people,25.21991065
Mozambique,MOZ,Africa,2019,Secondhand_smoke_per_100k_people,4.40143243
Mozambique,MOZ,Africa,2019,Household_air_pollution_from_solid_fuels_per_100k_people,82.60362724
Mozambique,MOZ,Africa,2019,Air_pollution_per_100k_people,88.89044445
Myanmar,MMR,Asia,2019,Outdoor_air_pollution_per_100k_people,49.29844549
Myanmar,MMR,Asia,2019,Unsafe_water_source_per_100k_people,10.44679082
Myanmar,MMR,Asia,2019,Secondhand_smoke_per_100k_people,20.52593606
Myanmar,MMR,Asia,2019,Household_air_pollution_from_solid_fuels_per_100k_people,92.80317356
Myanmar,MMR,Asia,2019,Air_pollution_per_100k_people,140.5424247
Namibia,NAM,Africa,2019,Outdoor_air_pollution_per_100k_people,33.80140306
Namibia,NAM,Africa,2019,Unsafe_water_source_per_100k_people,22.52064461
Namibia,NAM,Africa,2019,Secondhand_smoke_per_100k_people,9.318887423
Namibia,NAM,Africa,2019,Household_air_pollution_from_solid_fuels_per_100k_people,31.67604278
Namibia,NAM,Africa,2019,Air_pollution_per_100k_people,65.02785039
Nauru,NRU,Oceania,2019,Outdoor_air_pollution_per_100k_people,8.242664029
Nauru,NRU,Oceania,2019,Unsafe_water_source_per_100k_people,0
Nauru,NRU,Oceania,2019,Secondhand_smoke_per_100k_people,24.72799209
Nauru,NRU,Oceania,2019,Household_air_pollution_from_solid_fuels_per_100k_people,0
Nauru,NRU,Oceania,2019,Air_pollution_per_100k_people,16.48532806
Nepal,NPL,Asia,2019,Outdoor_air_pollution_per_100k_people,83.1492355
Nepal,NPL,Asia,2019,Unsafe_water_source_per_100k_people,16.31839297
Nepal,NPL,Asia,2019,Secondhand_smoke_per_100k_people,15.3854179
Nepal,NPL,Asia,2019,Household_air_pollution_from_solid_fuels_per_100k_people,74.9258753
Nepal,NPL,Asia,2019,Air_pollution_per_100k_people,146.0678257
Netherlands,NLD,Europe,2019,Outdoor_air_pollution_per_100k_people,28.81542985
Netherlands,NLD,Europe,2019,Unsafe_water_source_per_100k_people,0.057653921
Netherlands,NLD,Europe,2019,Secondhand_smoke_per_100k_people,10.37194044
Netherlands,NLD,Europe,2019,Household_air_pollution_from_solid_fuels_per_100k_people,0.034592353
Netherlands,NLD,Europe,2019,Air_pollution_per_100k_people,28.65399887
New Zealand,NZL,Oceania,2019,Outdoor_air_pollution_per_100k_people,6.687821337
New Zealand,NZL,Oceania,2019,Unsafe_water_source_per_100k_people,0.261086118
New Zealand,NZL,Oceania,2019,Secondhand_smoke_per_100k_people,6.968991003
New Zealand,NZL,Oceania,2019,Household_air_pollution_from_solid_fuels_per_100k_people,0.060250643
New Zealand,NZL,Oceania,2019,Air_pollution_per_100k_people,6.707904884
Nicaragua,NIC,North America,2019,Outdoor_air_pollution_per_100k_people,15.51638344
Nicaragua,NIC,North America,2019,Unsafe_water_source_per_100k_people,2.040839601
Nicaragua,NIC,North America,2019,Secondhand_smoke_per_100k_people,7.262987993
Nicaragua,NIC,North America,2019,Household_air_pollution_from_solid_fuels_per_100k_people,26.03571109
Nicaragua,NIC,North America,2019,Air_pollution_per_100k_people,41.41703897
Niger,NER,Africa,2019,Outdoor_air_pollution_per_100k_people,13.3427785
Niger,NER,Africa,2019,Unsafe_water_source_per_100k_people,105.428425
Niger,NER,Africa,2019,Secondhand_smoke_per_100k_people,6.095534038
Niger,NER,Africa,2019,Household_air_pollution_from_solid_fuels_per_100k_people,113.0681041
Niger,NER,Africa,2019,Air_pollution_per_100k_people,125.8563553
Nigeria,NGA,Africa,2019,Outdoor_air_pollution_per_100k_people,34.52014233
Nigeria,NGA,Africa,2019,Unsafe_water_source_per_100k_people,77.36769535
Nigeria,NGA,Africa,2019,Secondhand_smoke_per_100k_people,4.87790501
Nigeria,NGA,Africa,2019,Household_air_pollution_from_solid_fuels_per_100k_people,63.08714517
Nigeria,NGA,Africa,2019,Air_pollution_per_100k_people,97.17788233
North Macedonia,MKD,Europe,2019,Outdoor_air_pollution_per_100k_people,133.4332357
North Macedonia,MKD,Europe,2019,Unsafe_water_source_per_100k_people,0.096306919
North Macedonia,MKD,Europe,2019,Secondhand_smoke_per_100k_people,42.85657877
North Macedonia,MKD,Europe,2019,Household_air_pollution_from_solid_fuels_per_100k_people,25.76210072
North Macedonia,MKD,Europe,2019,Air_pollution_per_100k_people,158.9545691
Northern Mariana Islands,MNP,Oceania,2019,Outdoor_air_pollution_per_100k_people,22.06265795
Northern Mariana Islands,MNP,Oceania,2019,Unsafe_water_source_per_100k_people,2.005696177
Northern Mariana Islands,MNP,Oceania,2019,Secondhand_smoke_per_100k_people,24.06835413
Northern Mariana Islands,MNP,Oceania,2019,Household_air_pollution_from_solid_fuels_per_100k_people,10.02848089
Northern Mariana Islands,MNP,Oceania,2019,Air_pollution_per_100k_people,34.09683501
Norway,NOR,Europe,2019,Outdoor_air_pollution_per_100k_people,8.489319912
Norway,NOR,Europe,2019,Unsafe_water_source_per_100k_people,0.14959154
Norway,NOR,Europe,2019,Secondhand_smoke_per_100k_people,8.059244234
Norway,NOR,Europe,2019,Household_air_pollution_from_solid_fuels_per_100k_people,0.018698943
Norway,NOR,Europe,2019,Air_pollution_per_100k_people,8.489319912
Oman,OMN,Asia,2019,Outdoor_air_pollution_per_100k_people,34.24026586
Oman,OMN,Asia,2019,Unsafe_water_source_per_100k_people,0.456247197
Oman,OMN,Asia,2019,Secondhand_smoke_per_100k_people,6.62644739
Oman,OMN,Asia,2019,Household_air_pollution_from_solid_fuels_per_100k_people,0.130356342
Oman,OMN,Asia,2019,Air_pollution_per_100k_people,34.24026586
Pakistan,PAK,Asia,2019,Outdoor_air_pollution_per_100k_people,55.94122671
Pakistan,PAK,Asia,2019,Unsafe_water_source_per_100k_people,29.31346613
Pakistan,PAK,Asia,2019,Secondhand_smoke_per_100k_people,13.84681169
Pakistan,PAK,Asia,2019,Household_air_pollution_from_solid_fuels_per_100k_people,51.98992106
Pakistan,PAK,Asia,2019,Air_pollution_per_100k_people,105.5369871
Palau,PLW,Oceania,2019,Outdoor_air_pollution_per_100k_people,27.90801518
Palau,PLW,Oceania,2019,Unsafe_water_source_per_100k_people,5.581603036
Palau,PLW,Oceania,2019,Secondhand_smoke_per_100k_people,61.3976334
Palau,PLW,Oceania,2019,Household_air_pollution_from_solid_fuels_per_100k_people,0
Palau,PLW,Oceania,2019,Air_pollution_per_100k_people,27.90801518
Panama,PAN,North America,2019,Outdoor_air_pollution_per_100k_people,15.87702113
Panama,PAN,North America,2019,Unsafe_water_source_per_100k_people,2.622543669
Panama,PAN,North America,2019,Secondhand_smoke_per_100k_people,4.678050869
Panama,PAN,North America,2019,Household_air_pollution_from_solid_fuels_per_100k_people,3.638484009
Panama,PAN,North America,2019,Air_pollution_per_100k_people,19.44462558
Papua New Guinea,PNG,Oceania,2019,Outdoor_air_pollution_per_100k_people,12.39718874
Papua New Guinea,PNG,Oceania,2019,Unsafe_water_source_per_100k_people,27.45615765
Papua New Guinea,PNG,Oceania,2019,Secondhand_smoke_per_100k_people,27.04745912
Papua New Guinea,PNG,Oceania,2019,Household_air_pollution_from_solid_fuels_per_100k_people,117.0449713
Papua New Guinea,PNG,Oceania,2019,Air_pollution_per_100k_people,129.4316806
Paraguay,PRY,South America,2019,Outdoor_air_pollution_per_100k_people,16.8299483
Paraguay,PRY,South America,2019,Unsafe_water_source_per_100k_people,1.715153967
Paraguay,PRY,South America,2019,Secondhand_smoke_per_100k_people,10.55125967
Paraguay,PRY,South America,2019,Household_air_pollution_from_solid_fuels_per_100k_people,18.2847664
Paraguay,PRY,South America,2019,Air_pollution_per_100k_people,34.97688983
Peru,PER,South America,2019,Outdoor_air_pollution_per_100k_people,27.40910312
Peru,PER,South America,2019,Unsafe_water_source_per_100k_people,2.230017059
Peru,PER,South America,2019,Secondhand_smoke_per_100k_people,3.6313939
Peru,PER,South America,2019,Household_air_pollution_from_solid_fuels_per_100k_people,7.430343726
Peru,PER,South America,2019,Air_pollution_per_100k_people,34.77242447
Philippines,PHL,Asia,2019,Outdoor_air_pollution_per_100k_people,29.11556977
Philippines,PHL,Asia,2019,Unsafe_water_source_per_100k_people,6.028222081
Philippines,PHL,Asia,2019,Secondhand_smoke_per_100k_people,19.63113079
Philippines,PHL,Asia,2019,Household_air_pollution_from_solid_fuels_per_100k_people,38.66161366
Philippines,PHL,Asia,2019,Air_pollution_per_100k_people,67.75000479
Poland,POL,Europe,2019,Outdoor_air_pollution_per_100k_people,74.87328948
Poland,POL,Europe,2019,Unsafe_water_source_per_100k_people,0.200181876
Poland,POL,Europe,2019,Secondhand_smoke_per_100k_people,20.47649871
Poland,POL,Europe,2019,Household_air_pollution_from_solid_fuels_per_100k_people,7.396193515
Poland,POL,Europe,2019,Air_pollution_per_100k_people,81.96657621
Portugal,PRT,Europe,2019,Outdoor_air_pollution_per_100k_people,23.2445933
Portugal,PRT,Europe,2019,Unsafe_water_source_per_100k_people,0.233320886
Portugal,PRT,Europe,2019,Secondhand_smoke_per_100k_people,17.21713707
Portugal,PRT,Europe,2019,Household_air_pollution_from_solid_fuels_per_100k_people,0.330537922
Portugal,PRT,Europe,2019,Air_pollution_per_100k_people,23.43902737
Puerto Rico,PRI,North America,2019,Outdoor_air_pollution_per_100k_people,13.58927937
Puerto Rico,PRI,North America,2019,Unsafe_water_source_per_100k_people,2.129195847
Puerto Rico,PRI,North America,2019,Secondhand_smoke_per_100k_people,12.77517508
Puerto Rico,PRI,North America,2019,Household_air_pollution_from_solid_fuels_per_100k_people,0.031311704
Puerto Rico,PRI,North America,2019,Air_pollution_per_100k_people,13.58927937
Qatar,QAT,Asia,2019,Outdoor_air_pollution_per_100k_people,19.52098773
Qatar,QAT,Asia,2019,Unsafe_water_source_per_100k_people,0.071244481
Qatar,QAT,Asia,2019,Secondhand_smoke_per_100k_people,4.167802126
Qatar,QAT,Asia,2019,Household_air_pollution_from_solid_fuels_per_100k_people,0
Qatar,QAT,Asia,2019,Air_pollution_per_100k_people,19.41412101
Romania,ROU,Europe,2019,Outdoor_air_pollution_per_100k_people,76.0028264
Romania,ROU,Europe,2019,Unsafe_water_source_per_100k_people,0.19616297
Romania,ROU,Europe,2019,Secondhand_smoke_per_100k_people,32.22751105
Romania,ROU,Europe,2019,Household_air_pollution_from_solid_fuels_per_100k_people,12.56475443
Romania,ROU,Europe,2019,Air_pollution_per_100k_people,88.46949934
Rwanda,RWA,Africa,2019,Outdoor_air_pollution_per_100k_people,14.80324001
Rwanda,RWA,Africa,2019,Unsafe_water_source_per_100k_people,23.8020517
Rwanda,RWA,Africa,2019,Secondhand_smoke_per_100k_people,4.324104318
Rwanda,RWA,Africa,2019,Household_air_pollution_from_solid_fuels_per_100k_people,58.18452441
Rwanda,RWA,Africa,2019,Air_pollution_per_100k_people,72.34888775
Samoa,WSM,Oceania,2019,Outdoor_air_pollution_per_100k_people,19.82020245
Samoa,WSM,Oceania,2019,Unsafe_water_source_per_100k_people,3.303367075
Samoa,WSM,Oceania,2019,Secondhand_smoke_per_100k_people,31.14603242
Samoa,WSM,Oceania,2019,Household_air_pollution_from_solid_fuels_per_100k_people,65.59543192
Samoa,WSM,Oceania,2019,Air_pollution_per_100k_people,85.41563436
San Marino,SMR,Europe,2019,Outdoor_air_pollution_per_100k_people,20.48101118
San Marino,SMR,Europe,2019,Unsafe_water_source_per_100k_people,0
San Marino,SMR,Europe,2019,Secondhand_smoke_per_100k_people,8.777576219
San Marino,SMR,Europe,2019,Household_air_pollution_from_solid_fuels_per_100k_people,0
San Marino,SMR,Europe,2019,Air_pollution_per_100k_people,20.48101118
Sao Tome and Principe,STP,Africa,2019,Outdoor_air_pollution_per_100k_people,25.62919678
Sao Tome and Principe,STP,Africa,2019,Unsafe_water_source_per_100k_people,4.193868564
Sao Tome and Principe,STP,Africa,2019,Secondhand_smoke_per_100k_people,2.795912376
Sao Tome and Principe,STP,Africa,2019,Household_air_pollution_from_solid_fuels_per_100k_people,40.54072945
Sao Tome and Principe,STP,Africa,2019,Air_pollution_per_100k_people,65.23795544
Saudi Arabia,SAU,Asia,2019,Outdoor_air_pollution_per_100k_people,50.53400248
Saudi Arabia,SAU,Asia,2019,Unsafe_water_source_per_100k_people,0.421465583
Saudi Arabia,SAU,Asia,2019,Secondhand_smoke_per_100k_people,11.26792422
Saudi Arabia,SAU,Asia,2019,Household_air_pollution_from_solid_fuels_per_100k_people,0.103273024
Saudi Arabia,SAU,Asia,2019,Air_pollution_per_100k_people,50.34141224
Senegal,SEN,Africa,2019,Outdoor_air_pollution_per_100k_people,21.66769235
Senegal,SEN,Africa,2019,Unsafe_water_source_per_100k_people,33.42336852
Senegal,SEN,Africa,2019,Secondhand_smoke_per_100k_people,9.455788439
Senegal,SEN,Africa,2019,Household_air_pollution_from_solid_fuels_per_100k_people,56.71598155
Senegal,SEN,Africa,2019,Air_pollution_per_100k_people,78.0149419
Serbia,SRB,Europe,2019,Outdoor_air_pollution_per_100k_people,154.3648271
Serbia,SRB,Europe,2019,Unsafe_water_source_per_100k_people,0.201577052
Serbia,SRB,Europe,2019,Secondhand_smoke_per_100k_people,50.1062959
Serbia,SRB,Europe,2019,Household_air_pollution_from_solid_fuels_per_100k_people,28.35037259
Serbia,SRB,Europe,2019,Air_pollution_per_100k_people,182.3984358
Seychelles,SYC,Africa,2019,Outdoor_air_pollution_per_100k_people,35.85147247
Seychelles,SYC,Africa,2019,Unsafe_water_source_per_100k_people,4.09731114
Seychelles,SYC,Africa,2019,Secondhand_smoke_per_100k_people,19.46222791
Seychelles,SYC,Africa,2019,Household_air_pollution_from_solid_fuels_per_100k_people,0
Seychelles,SYC,Africa,2019,Air_pollution_per_100k_people,36.87580026
Sierra Leone,SLE,Africa,2019,Outdoor_air_pollution_per_100k_people,19.77176597
Sierra Leone,SLE,Africa,2019,Unsafe_water_source_per_100k_people,40.38858542
Sierra Leone,SLE,Africa,2019,Secondhand_smoke_per_100k_people,10.33947787
Sierra Leone,SLE,Africa,2019,Household_air_pollution_from_solid_fuels_per_100k_people,97.09415934
Sierra Leone,SLE,Africa,2019,Air_pollution_per_100k_people,116.4558258
Singapore,SGP,Asia,2019,Outdoor_air_pollution_per_100k_people,24.16031085
Singapore,SGP,Asia,2019,Unsafe_water_source_per_100k_people,0.087664408
Singapore,SGP,Asia,2019,Secondhand_smoke_per_100k_people,5.189732955
Singapore,SGP,Asia,2019,Household_air_pollution_from_solid_fuels_per_100k_people,0.035065763
Singapore,SGP,Asia,2019,Air_pollution_per_100k_people,24.09017932
Slovenia,SVN,Europe,2019,Outdoor_air_pollution_per_100k_people,42.42512755
Slovenia,SVN,Europe,2019,Unsafe_water_source_per_100k_people,0.047883891
Slovenia,SVN,Europe,2019,Secondhand_smoke_per_100k_people,16.47205855
Slovenia,SVN,Europe,2019,Household_air_pollution_from_solid_fuels_per_100k_people,2.968801251
Slovenia,SVN,Europe,2019,Air_pollution_per_100k_people,45.01085767
Solomon Islands,SLB,Oceania,2019,Outdoor_air_pollution_per_100k_people,16.14831561
Solomon Islands,SLB,Oceania,2019,Unsafe_water_source_per_100k_people,27.11139227
Solomon Islands,SLB,Oceania,2019,Secondhand_smoke_per_100k_people,40.29671419
Solomon Islands,SLB,Oceania,2019,Household_air_pollution_from_solid_fuels_per_100k_people,179.4092679
Solomon Islands,SLB,Oceania,2019,Air_pollution_per_100k_people,195.5575836
Somalia,SOM,Africa,2019,Outdoor_air_pollution_per_100k_people,5.324973563
Somalia,SOM,Africa,2019,Unsafe_water_source_per_100k_people,90.41191893
Somalia,SOM,Africa,2019,Secondhand_smoke_per_100k_people,8.378542421
Somalia,SOM,Africa,2019,Household_air_pollution_from_solid_fuels_per_100k_people,172.4077516
Somalia,SOM,Africa,2019,Air_pollution_per_100k_people,177.2947132
South Africa,ZAF,Africa,2019,Outdoor_air_pollution_per_100k_people,43.69476125
South Africa,ZAF,Africa,2019,Unsafe_water_source_per_100k_people,16.36509202
South Africa,ZAF,Africa,2019,Secondhand_smoke_per_100k_people,12.5621793
South Africa,ZAF,Africa,2019,Household_air_pollution_from_solid_fuels_per_100k_people,7.901932711
South Africa,ZAF,Africa,2019,Air_pollution_per_100k_people,51.35395485
South Sudan,SSD,Africa,2019,Outdoor_air_pollution_per_100k_people,13.79255424
South Sudan,SSD,Africa,2019,Unsafe_water_source_per_100k_people,57.40038014
South Sudan,SSD,Africa,2019,Secondhand_smoke_per_100k_people,5.005902754
South Sudan,SSD,Africa,2019,Household_air_pollution_from_solid_fuels_per_100k_people,73.49009817
South Sudan,SSD,Africa,2019,Air_pollution_per_100k_people,86.98593542
Spain,ESP,Europe,2019,Outdoor_air_pollution_per_100k_people,24.97940112
Spain,ESP,Europe,2019,Unsafe_water_source_per_100k_people,0.110321799
Spain,ESP,Europe,2019,Secondhand_smoke_per_100k_people,12.00386033
Spain,ESP,Europe,2019,Household_air_pollution_from_solid_fuels_per_100k_people,0.377640003
Spain,ESP,Europe,2019,Air_pollution_per_100k_people,25.00273842
Sri Lanka,LKA,Asia,2019,Outdoor_air_pollution_per_100k_people,34.57322387
Sri Lanka,LKA,Asia,2019,Unsafe_water_source_per_100k_people,3.430720543
Sri Lanka,LKA,Asia,2019,Secondhand_smoke_per_100k_people,13.88341054
Sri Lanka,LKA,Asia,2019,Household_air_pollution_from_solid_fuels_per_100k_people,30.46828418
Sri Lanka,LKA,Asia,2019,Air_pollution_per_100k_people,64.73421089
Sudan,SDN,Africa,2019,Outdoor_air_pollution_per_100k_people,39.3365179
Sudan,SDN,Africa,2019,Unsafe_water_source_per_100k_people,12.67576844
Sudan,SDN,Africa,2019,Secondhand_smoke_per_100k_people,10.56622449
Sudan,SDN,Africa,2019,Household_air_pollution_from_solid_fuels_per_100k_people,26.16112063
Sudan,SDN,Africa,2019,Air_pollution_per_100k_people,65.14373477
Suriname,SUR,South America,2019,Outdoor_air_pollution_per_100k_people,43.47818844
Suriname,SUR,South America,2019,Unsafe_water_source_per_100k_people,4.830909827
Suriname,SUR,South America,2019,Secondhand_smoke_per_100k_people,15.82539426
Suriname,SUR,South America,2019,Household_air_pollution_from_solid_fuels_per_100k_people,7.829405582
Suriname,SUR,South America,2019,Air_pollution_per_100k_people,51.30759402
Sweden,SWE,Europe,2019,Outdoor_air_pollution_per_100k_people,7.364610585
Sweden,SWE,Europe,2019,Unsafe_water_source_per_100k_people,0.184844916
Sweden,SWE,Europe,2019,Secondhand_smoke_per_100k_people,7.189494349
Sweden,SWE,Europe,2019,Household_air_pollution_from_solid_fuels_per_100k_people,0.029186039
Sweden,SWE,Europe,2019,Air_pollution_per_100k_people,7.374339265
Switzerland,CHE,Europe,2019,Outdoor_air_pollution_per_100k_people,18.90317284
Switzerland,CHE,Europe,2019,Unsafe_water_source_per_100k_people,0.058307134
Switzerland,CHE,Europe,2019,Secondhand_smoke_per_100k_people,7.894785943
Switzerland,CHE,Europe,2019,Household_air_pollution_from_solid_fuels_per_100k_people,0.011661427
Switzerland,CHE,Europe,2019,Air_pollution_per_100k_people,18.75157429
Tajikistan,TJK,Asia,2019,Outdoor_air_pollution_per_100k_people,52.37226549
Tajikistan,TJK,Asia,2019,Unsafe_water_source_per_100k_people,5.890541108
Tajikistan,TJK,Asia,2019,Secondhand_smoke_per_100k_people,14.60854195
Tajikistan,TJK,Asia,2019,Household_air_pollution_from_solid_fuels_per_100k_people,27.92116485
Tajikistan,TJK,Asia,2019,Air_pollution_per_100k_people,79.8436072
Tanzania,TZA,Africa,2019,Outdoor_air_pollution_per_100k_people,10.73446327
Tanzania,TZA,Africa,2019,Unsafe_water_source_per_100k_people,22.05183111
Tanzania,TZA,Africa,2019,Secondhand_smoke_per_100k_people,6.039492637
Tanzania,TZA,Africa,2019,Household_air_pollution_from_solid_fuels_per_100k_people,65.41391845
Tanzania,TZA,Africa,2019,Air_pollution_per_100k_people,75.97969013
Thailand,THA,Asia,2019,Outdoor_air_pollution_per_100k_people,47.36090235
Thailand,THA,Asia,2019,Unsafe_water_source_per_100k_people,7.025883002
Thailand,THA,Asia,2019,Secondhand_smoke_per_100k_people,13.23137847
Thailand,THA,Asia,2019,Household_air_pollution_from_solid_fuels_per_100k_people,10.44767033
Thailand,THA,Asia,2019,Air_pollution_per_100k_people,57.32615676
Togo,TGO,Africa,2019,Outdoor_air_pollution_per_100k_people,20.61119284
Togo,TGO,Africa,2019,Unsafe_water_source_per_100k_people,61.11782784
Togo,TGO,Africa,2019,Secondhand_smoke_per_100k_people,6.211259995
Togo,TGO,Africa,2019,Household_air_pollution_from_solid_fuels_per_100k_people,61.38471792
Togo,TGO,Africa,2019,Air_pollution_per_100k_people,81.43786787
Tonga,TON,Oceania,2019,Outdoor_air_pollution_per_100k_people,20.00933769
Tonga,TON,Oceania,2019,Unsafe_water_source_per_100k_people,1.905651209
Tonga,TON,Oceania,2019,Secondhand_smoke_per_100k_people,24.77346571
Tonga,TON,Oceania,2019,Household_air_pollution_from_solid_fuels_per_100k_people,29.53759373
Tonga,TON,Oceania,2019,Air_pollution_per_100k_people,49.54693143
Trinidad and Tobago,TTO,North America,2019,Outdoor_air_pollution_per_100k_people,58.62015652
Trinidad and Tobago,TTO,North America,2019,Unsafe_water_source_per_100k_people,1.118454165
Trinidad and Tobago,TTO,North America,2019,Secondhand_smoke_per_100k_people,18.75055512
Trinidad and Tobago,TTO,North America,2019,Household_air_pollution_from_solid_fuels_per_100k_people,0.065791421
Trinidad and Tobago,TTO,North America,2019,Air_pollution_per_100k_people,58.68594794
Tunisia,TUN,Africa,2019,Outdoor_air_pollution_per_100k_people,62.6840665
Tunisia,TUN,Africa,2019,Unsafe_water_source_per_100k_people,0.630741302
Tunisia,TUN,Africa,2019,Secondhand_smoke_per_100k_people,19.95964252
Tunisia,TUN,Africa,2019,Household_air_pollution_from_solid_fuels_per_100k_people,0.174283781
Tunisia,TUN,Africa,2019,Air_pollution_per_100k_people,62.49318426
Turkmenistan,TKM,Asia,2019,Outdoor_air_pollution_per_100k_people,58.58645562
Turkmenistan,TKM,Asia,2019,Unsafe_water_source_per_100k_people,0.763182764
Turkmenistan,TKM,Asia,2019,Secondhand_smoke_per_100k_people,23.96718639
Turkmenistan,TKM,Asia,2019,Household_air_pollution_from_solid_fuels_per_100k_people,0.081189656
Turkmenistan,TKM,Asia,2019,Air_pollution_per_100k_people,58.58645562
Tuvalu,TUV,Oceania,2019,Outdoor_air_pollution_per_100k_people,18.25483753
Tuvalu,TUV,Oceania,2019,Unsafe_water_source_per_100k_people,9.127418766
Tuvalu,TUV,Oceania,2019,Secondhand_smoke_per_100k_people,45.63709383
Tuvalu,TUV,Oceania,2019,Household_air_pollution_from_solid_fuels_per_100k_people,18.25483753
Tuvalu,TUV,Oceania,2019,Air_pollution_per_100k_people,36.50967506
Uganda,UGA,Africa,2019,Outdoor_air_pollution_per_100k_people,11.1946519
Uganda,UGA,Africa,2019,Unsafe_water_source_per_100k_people,21.41838661
Uganda,UGA,Africa,2019,Secondhand_smoke_per_100k_people,2.849886424
Uganda,UGA,Africa,2019,Household_air_pollution_from_solid_fuels_per_100k_people,53.55411571
Uganda,UGA,Africa,2019,Air_pollution_per_100k_people,64.44142692
Ukraine,UKR,Europe,2019,Outdoor_air_pollution_per_100k_people,97.90880288
Ukraine,UKR,Europe,2019,Unsafe_water_source_per_100k_people,0.099129903
Ukraine,UKR,Europe,2019,Secondhand_smoke_per_100k_people,36.22296775
Ukraine,UKR,Europe,2019,Household_air_pollution_from_solid_fuels_per_100k_people,6.146053989
Ukraine,UKR,Europe,2019,Air_pollution_per_100k_people,103.9264386
United Arab Emirates,ARE,Asia,2019,Outdoor_air_pollution_per_100k_people,36.92061048
United Arab Emirates,ARE,Asia,2019,Unsafe_water_source_per_100k_people,0.282251065
United Arab Emirates,ARE,Asia,2019,Secondhand_smoke_per_100k_people,10.17189416
United Arab Emirates,ARE,Asia,2019,Household_air_pollution_from_solid_fuels_per_100k_people,0
United Arab Emirates,ARE,Asia,2019,Air_pollution_per_100k_people,36.48637808
United Kingdom,GBR,Europe,2019,Outdoor_air_pollution_per_100k_people,22.51769461
United Kingdom,GBR,Europe,2019,Unsafe_water_source_per_100k_people,0.059847693
United Kingdom,GBR,Europe,2019,Secondhand_smoke_per_100k_people,12.38398394
United Kingdom,GBR,Europe,2019,Household_air_pollution_from_solid_fuels_per_100k_people,0.017954308
United Kingdom,GBR,Europe,2019,Air_pollution_per_100k_people,22.48178599
United States,USA,North America,2019,Outdoor_air_pollution_per_100k_people,18.44851481
United States,USA,North America,2019,Unsafe_water_source_per_100k_people,0.116346376
United States,USA,North America,2019,Secondhand_smoke_per_100k_people,10.83757351
United States,USA,North America,2019,Household_air_pollution_from_solid_fuels_per_100k_people,0.04568575
United States,USA,North America,2019,Air_pollution_per_100k_people,18.34404673
Uruguay,URY,South America,2019,Outdoor_air_pollution_per_100k_people,22.4302293
Uruguay,URY,South America,2019,Unsafe_water_source_per_100k_people,1.662578765
Uruguay,URY,South America,2019,Secondhand_smoke_per_100k_people,23.01359027
Uruguay,URY,South America,2019,Household_air_pollution_from_solid_fuels_per_100k_people,1.545906571
Uruguay,URY,South America,2019,Air_pollution_per_100k_people,23.91779977
Uzbekistan,UZB,Asia,2019,Outdoor_air_pollution_per_100k_people,80.37736355
Uzbekistan,UZB,Asia,2019,Unsafe_water_source_per_100k_people,0.256102155
Uzbekistan,UZB,Asia,2019,Secondhand_smoke_per_100k_people,18.09987091
Uzbekistan,UZB,Asia,2019,Household_air_pollution_from_solid_fuels_per_100k_people,9.422176958
Uzbekistan,UZB,Asia,2019,Air_pollution_per_100k_people,89.62384252
Vanuatu,VUT,Oceania,2019,Outdoor_air_pollution_per_100k_people,18.06809372
Vanuatu,VUT,Oceania,2019,Unsafe_water_source_per_100k_people,18.39660451
Vanuatu,VUT,Oceania,2019,Secondhand_smoke_per_100k_people,21.02469087
Vanuatu,VUT,Oceania,2019,Household_air_pollution_from_solid_fuels_per_100k_people,118.5923969
Vanuatu,VUT,Oceania,2019,Air_pollution_per_100k_people,136.6604907
Vietnam,VNM,Asia,2019,Outdoor_air_pollution_per_100k_people,40.48583165
Vietnam,VNM,Asia,2019,Unsafe_water_source_per_100k_people,1.306162972
Vietnam,VNM,Asia,2019,Secondhand_smoke_per_100k_people,19.92655501
Vietnam,VNM,Asia,2019,Household_air_pollution_from_solid_fuels_per_100k_people,34.71302983
Vietnam,VNM,Asia,2019,Air_pollution_per_100k_people,74.86266286
Zambia,ZMB,Africa,2019,Outdoor_air_pollution_per_100k_people,16.5828123
Zambia,ZMB,Africa,2019,Unsafe_water_source_per_100k_people,32.1808841
Zambia,ZMB,Africa,2019,Secondhand_smoke_per_100k_people,4.999870243
Zambia,ZMB,Africa,2019,Household_air_pollution_from_solid_fuels_per_100k_people,47.99657811
Zambia,ZMB,Africa,2019,Air_pollution_per_100k_people,64.34000597
Zimbabwe,ZWE,Africa,2019,Outdoor_air_pollution_per_100k_people,17.45404376
Zimbabwe,ZWE,Africa,2019,Unsafe_water_source_per_100k_people,25.49071914
Zimbabwe,ZWE,Africa,2019,Secondhand_smoke_per_100k_people,10.71990897
Zimbabwe,ZWE,Africa,2019,Household_air_pollution_from_solid_fuels_per_100k_people,65.25077032
Zimbabwe,ZWE,Africa,2019,Air_pollution_per_100k_people,82.49640759
